{
  "best_time_ep1": 0,
  "episodes": {
    "1": {
      "best_time": null,
      "completed": false
    },
    "2": {
      "completed": false,
      "best_time": null
    },
    "3": {
      "completed": false,
      "best_time": null
    },
    "4": {
      "completed": false,
      "best_time": null
    },
    "5": {
      "completed": false,
      "best_time": null
    },
    "6": {
      "completed": false,
      "best_time": null
    },
    "7": {
      "completed": false,
      "best_time": null
    },
    "8": {
      "completed": false,
      "best_time": null
    },
    "9": {
      "completed": false,
      "best_time": null
    },
    "10": {
      "completed": false,
      "best_time": null
    }
  },
  "coins": 0,
  "skins": {
    "owned": [
      "default"
    ],
    "selected": "default"
  },
  "settings": {
    "sfx_volume": 0.6,
    "music_enabled": true,
    "music_volume": 0.6,
    "fullscreen": false
  }
}
